emailAdress,customerId,depotId,outletId,region_id,option_id,sku_NCFTGCBS01,sku_NKFABCKS01,sku_NPCTGOCL01,sku_TGEC02,sku_TGEB02,sku_NPCTGCBS01,sku_NKFHEIKS02,sku_NKFHEIKL01,sku_NPCHEICS01
generic.outlet.contact1@hnk-oms.com,cus_01HQSXB1GYPQA43AP9SY3YRRJH,depot_01HES9APM60R2D27MW39GHT6YC,outlet_01HES9DC284X1ZHB7B2VEY727J,reg_01HES8WCK97EWB0BZSXT60DSA2,so_01HF3ZZTSBNP3FBMN82NE10C0T,variant_01HES9RP94FJZMY6XQ3S15N751,variant_01HES9RS6PXVNRCH2FS2NM0E6G,variant_01HES9RPDZKQ95E57E6NF7C1TH,variant_01HSSZZ0J6R8TNGCZVYEF1MGH0,variant_01HSSZZ0FYVJKTBDCGWDH9R2QG,variant_01HES9RP89SFJV2YSWWW03DKWE,variant_01HES9RQX2D1ZZCH6MPPHD7SB7,variant_01HES9RQSA2XX96MKHW5M755F7,variant_01HES9RQD7EHD0ZXXFFNHTG0MP
generic.outlet.contact1@hnk-oms.com,cus_01HQSXB1GYPQA43AP9SY3YRRJH,depot_01HES9APM60R2D27MW39GHT6YC,outlet_01HES9DDPRSWD00K7ZWKMK3C71,,,,,,,,,,,
generic.outlet.contact1@hnk-oms.com,cus_01HQSXB1GYPQA43AP9SY3YRRJH,depot_01HES9APM60R2D27MW39GHT6YC,outlet_01HES9DDSEFCV7Z23GNCRPXZRM,,,,,,,,,,,
generic.outlet.contact1@hnk-oms.com,cus_01HQSXB1GYPQA43AP9SY3YRRJH,depot_01HES9APM60R2D27MW39GHT6YC,outlet_01HES9DDYKG8T74V0F4M0FTX4P,,,,,,,,,,,
generic.outlet.contact1@hnk-oms.com,cus_01HQSXB1GYPQA43AP9SY3YRRJH,depot_01HES9APM60R2D27MW39GHT6YC,outlet_01HES9DE547G745021CRJR36S1,,,,,,,,,,,
generic.outlet.contact1@hnk-oms.com,cus_01HQSXB1GYPQA43AP9SY3YRRJH,depot_01HES9APM60R2D27MW39GHT6YC,outlet_01HES9DE7JYYH00A0X6PCWMZWN,,,,,,,,,,,
generic.outlet.contact1@hnk-oms.com,cus_01HQSXB1GYPQA43AP9SY3YRRJH,depot_01HES9APM60R2D27MW39GHT6YC,outlet_01HES9DE9MCMWTSWK0XTQ2ZSHN,,,,,,,,,,,
generic.outlet.contact1@hnk-oms.com,cus_01HQSXB1GYPQA43AP9SY3YRRJH,depot_01HES9APM60R2D27MW39GHT6YC,outlet_01HES9DEBJ974TG7EVJ036GYMG,,,,,,,,,,,
generic.outlet.contact1@hnk-oms.com,cus_01HQSXB1GYPQA43AP9SY3YRRJH,depot_01HES9APM60R2D27MW39GHT6YC,outlet_01HES9DEGQWB0XS0J9FQKFSZXH,,,,,,,,,,,
generic.outlet.contact1@hnk-oms.com,cus_01HQSXB1GYPQA43AP9SY3YRRJH,depot_01HES9APM60R2D27MW39GHT6YC,outlet_01HES9DEKE2KK9MZRQVBT8P1RQ,,,,,,,,,,,
generic.outlet.contact1@hnk-oms.com,cus_01HQSXB1GYPQA43AP9SY3YRRJH,depot_01HES9APM60R2D27MW39GHT6YC,outlet_01HES9DEP9M4W4FX0WKK6V2XHC,,,,,,,,,,,
generic.outlet.contact1@hnk-oms.com,cus_01HQSXB1GYPQA43AP9SY3YRRJH,depot_01HES9APM60R2D27MW39GHT6YC,outlet_01HES9DER20474T6MS338GPWYC,,,,,,,,,,,
generic.outlet.contact1@hnk-oms.com,cus_01HQSXB1GYPQA43AP9SY3YRRJH,depot_01HES9APM60R2D27MW39GHT6YC,outlet_01HES9DET3BPZBWHPYGKGXV223,,,,,,,,,,,
generic.outlet.contact1@hnk-oms.com,cus_01HQSXB1GYPQA43AP9SY3YRRJH,depot_01HES9APM60R2D27MW39GHT6YC,outlet_01HES9DEVYEA6VZC33CP9AKTP7,,,,,,,,,,,
generic.outlet.contact1@hnk-oms.com,cus_01HQSXB1GYPQA43AP9SY3YRRJH,depot_01HES9APM60R2D27MW39GHT6YC,outlet_01HES9DF1GJSE7T5NAV6400C9W,,,,,,,,,,,
generic.outlet.contact1@hnk-oms.com,cus_01HQSXB1GYPQA43AP9SY3YRRJH,depot_01HES9APM60R2D27MW39GHT6YC,outlet_01HES9DF3GVZ3AQTF10CSP5SJ5,,,,,,,,,,,
generic.outlet.contact1@hnk-oms.com,cus_01HQSXB1GYPQA43AP9SY3YRRJH,depot_01HES9APM60R2D27MW39GHT6YC,outlet_01HES9DF61WPBWR8YMH0V0JFAM,,,,,,,,,,,
generic.outlet.contact1@hnk-oms.com,cus_01HQSXB1GYPQA43AP9SY3YRRJH,depot_01HES9APM60R2D27MW39GHT6YC,outlet_01HES9DF9KMH5STQ5HCS93FWT6,,,,,,,,,,,
generic.outlet.contact1@hnk-oms.com,cus_01HQSXB1GYPQA43AP9SY3YRRJH,depot_01HES9APM60R2D27MW39GHT6YC,outlet_01HES9DFBV917Q2N7H1TZNRF0A,,,,,,,,,,,
generic.outlet.contact1@hnk-oms.com,cus_01HQSXB1GYPQA43AP9SY3YRRJH,depot_01HES9APM60R2D27MW39GHT6YC,outlet_01HES9DFDD2B0MN1VJA8M3H99D,,,,,,,,,,,
generic.outlet.contact1@hnk-oms.com,cus_01HQSXB1GYPQA43AP9SY3YRRJH,depot_01HES9APM60R2D27MW39GHT6YC,outlet_01HES9DFF6NVAVPJEBWWT3GT9B,,,,,,,,,,,
generic.outlet.contact1@hnk-oms.com,cus_01HQSXB1GYPQA43AP9SY3YRRJH,depot_01HES9APM60R2D27MW39GHT6YC,outlet_01HES9DFGYQ00VVFTEMYE8T3XV,,,,,,,,,,,
generic.outlet.contact1@hnk-oms.com,cus_01HQSXB1GYPQA43AP9SY3YRRJH,depot_01HES9APM60R2D27MW39GHT6YC,outlet_01HES9DFK54SA39HYJKKC2366D,,,,,,,,,,,
generic.outlet.contact1@hnk-oms.com,cus_01HQSXB1GYPQA43AP9SY3YRRJH,depot_01HES9APM60R2D27MW39GHT6YC,outlet_01HES9DFMR2SPQV9VPN6BZA8AZ,,,,,,,,,,,
generic.outlet.contact1@hnk-oms.com,cus_01HQSXB1GYPQA43AP9SY3YRRJH,depot_01HES9APM60R2D27MW39GHT6YC,outlet_01HES9DFPNKMX5BZDXJ86EMFR4,,,,,,,,,,,
generic.outlet.contact1@hnk-oms.com,cus_01HQSXB1GYPQA43AP9SY3YRRJH,depot_01HES9APM60R2D27MW39GHT6YC,outlet_01HES9DG0FR21M9FSRPHREJEM5,,,,,,,,,,,
generic.outlet.contact1@hnk-oms.com,cus_01HQSXB1GYPQA43AP9SY3YRRJH,depot_01HES9APM60R2D27MW39GHT6YC,outlet_01HES9DGAPFVX4J4FF0HFJ7TSH,,,,,,,,,,,
generic.outlet.contact1@hnk-oms.com,cus_01HQSXB1GYPQA43AP9SY3YRRJH,depot_01HES9APM60R2D27MW39GHT6YC,outlet_01HES9DGCYMFBDS8FKZSJ0HEEX,,,,,,,,,,,
generic.outlet.contact1@hnk-oms.com,cus_01HQSXB1GYPQA43AP9SY3YRRJH,depot_01HES9APM60R2D27MW39GHT6YC,outlet_01HES9DGEPTN17DBY10CVXJ6KG,,,,,,,,,,,
generic.outlet.contact1@hnk-oms.com,cus_01HQSXB1GYPQA43AP9SY3YRRJH,depot_01HES9APM60R2D27MW39GHT6YC,outlet_01HES9DGHR7HPPN860HJRKYWCJ,,,,,,,,,,,
generic.outlet.contact1@hnk-oms.com,cus_01HQSXB1GYPQA43AP9SY3YRRJH,depot_01HES9APM60R2D27MW39GHT6YC,outlet_01HES9DGNYPD37ZSXARBRWJ33F,,,,,,,,,,,
generic.outlet.contact1@hnk-oms.com,cus_01HQSXB1GYPQA43AP9SY3YRRJH,depot_01HES9APM60R2D27MW39GHT6YC,outlet_01HES9DGRYXX1HVKZ4K2NW5TFW,,,,,,,,,,,
generic.outlet.contact1@hnk-oms.com,cus_01HQSXB1GYPQA43AP9SY3YRRJH,depot_01HES9APM60R2D27MW39GHT6YC,outlet_01HES9DGWJWCFAPG5DJ0HMRQ6X,,,,,,,,,,,
generic.outlet.contact1@hnk-oms.com,cus_01HQSXB1GYPQA43AP9SY3YRRJH,depot_01HES9APM60R2D27MW39GHT6YC,outlet_01HES9DH0ASKGTWQ79H2GG91DF,,,,,,,,,,,
generic.outlet.contact1@hnk-oms.com,cus_01HQSXB1GYPQA43AP9SY3YRRJH,depot_01HES9APM60R2D27MW39GHT6YC,outlet_01HES9DH1X5XSDW9D6NK6RE9ZE,,,,,,,,,,,
generic.outlet.contact1@hnk-oms.com,cus_01HQSXB1GYPQA43AP9SY3YRRJH,depot_01HES9APM60R2D27MW39GHT6YC,outlet_01HES9DH472637M5RJS3QXH7VP,,,,,,,,,,,
generic.outlet.contact1@hnk-oms.com,cus_01HQSXB1GYPQA43AP9SY3YRRJH,depot_01HES9APM60R2D27MW39GHT6YC,outlet_01HES9DH60243QZ5JFRASMRMMK,,,,,,,,,,,
generic.outlet.contact1@hnk-oms.com,cus_01HQSXB1GYPQA43AP9SY3YRRJH,depot_01HES9APM60R2D27MW39GHT6YC,outlet_01HES9DH7J89CKY2PFQQTJ3Q7H,,,,,,,,,,,
generic.outlet.contact1@hnk-oms.com,cus_01HQSXB1GYPQA43AP9SY3YRRJH,depot_01HES9APM60R2D27MW39GHT6YC,outlet_01HES9DHAW0GA5F7XQND6QSW92,,,,,,,,,,,
generic.outlet.contact1@hnk-oms.com,cus_01HQSXB1GYPQA43AP9SY3YRRJH,depot_01HES9APM60R2D27MW39GHT6YC,outlet_01HES9DHDYRDYFRC1YEKT6C664,,,,,,,,,,,
generic.outlet.contact1@hnk-oms.com,cus_01HQSXB1GYPQA43AP9SY3YRRJH,depot_01HES9APM60R2D27MW39GHT6YC,outlet_01HES9DHH71E6YC6NJEVT0T9V9,,,,,,,,,,,
generic.outlet.contact1@hnk-oms.com,cus_01HQSXB1GYPQA43AP9SY3YRRJH,depot_01HES9APM60R2D27MW39GHT6YC,outlet_01HES9DHJR9GWCHSJM5SF32B0P,,,,,,,,,,,
generic.outlet.contact1@hnk-oms.com,cus_01HQSXB1GYPQA43AP9SY3YRRJH,depot_01HES9APM60R2D27MW39GHT6YC,outlet_01HES9DHMBPTNV4VAQZAN4G33Y,,,,,,,,,,,
generic.outlet.contact1@hnk-oms.com,cus_01HQSXB1GYPQA43AP9SY3YRRJH,depot_01HES9APM60R2D27MW39GHT6YC,outlet_01HES9DHPB6WF15MPEP3YFX5AZ,,,,,,,,,,,
generic.outlet.contact1@hnk-oms.com,cus_01HQSXB1GYPQA43AP9SY3YRRJH,depot_01HES9APM60R2D27MW39GHT6YC,outlet_01HES9DHS73GQSR4MBTDCRWR0T,,,,,,,,,,,
generic.outlet.contact1@hnk-oms.com,cus_01HQSXB1GYPQA43AP9SY3YRRJH,depot_01HES9APM60R2D27MW39GHT6YC,outlet_01HES9DHV4MSM29ZNDMWH09ZAV,,,,,,,,,,,
generic.outlet.contact1@hnk-oms.com,cus_01HQSXB1GYPQA43AP9SY3YRRJH,depot_01HES9APM60R2D27MW39GHT6YC,outlet_01HES9DJ003SF5JBKVQ39PH2FA,,,,,,,,,,,
generic.outlet.contact1@hnk-oms.com,cus_01HQSXB1GYPQA43AP9SY3YRRJH,depot_01HES9APM60R2D27MW39GHT6YC,outlet_01HES9DJ1MTHR9EGPCRCS5D897,,,,,,,,,,,
generic.outlet.contact1@hnk-oms.com,cus_01HQSXB1GYPQA43AP9SY3YRRJH,depot_01HES9APM60R2D27MW39GHT6YC,outlet_01HES9DJ4YTQ1KVB4GP6DWTQZ5,,,,,,,,,,,
generic.outlet.contact1@hnk-oms.com,cus_01HQSXB1GYPQA43AP9SY3YRRJH,depot_01HES9APM60R2D27MW39GHT6YC,outlet_01HES9DJ6QCXRNY5W1TBEQ34BR,,,,,,,,,,,
generic.outlet.contact1@hnk-oms.com,cus_01HQSXB1GYPQA43AP9SY3YRRJH,depot_01HES9APM60R2D27MW39GHT6YC,outlet_01HES9DJ87E2B3JK9KKZ7Y2K82,,,,,,,,,,,
generic.outlet.contact1@hnk-oms.com,cus_01HQSXB1GYPQA43AP9SY3YRRJH,depot_01HES9APM60R2D27MW39GHT6YC,outlet_01HES9DJAVYW96VXWW1KSPJDNY,,,,,,,,,,,
generic.outlet.contact1@hnk-oms.com,cus_01HQSXB1GYPQA43AP9SY3YRRJH,depot_01HES9APM60R2D27MW39GHT6YC,outlet_01HES9DJD3MPTN6EMTW2MKFNRT,,,,,,,,,,,
generic.outlet.contact1@hnk-oms.com,cus_01HQSXB1GYPQA43AP9SY3YRRJH,depot_01HES9APM60R2D27MW39GHT6YC,outlet_01HES9DJFYZ52MWEPK98Y6Z31D,,,,,,,,,,,
generic.outlet.contact1@hnk-oms.com,cus_01HQSXB1GYPQA43AP9SY3YRRJH,depot_01HES9APM60R2D27MW39GHT6YC,outlet_01HES9DJHRC8ZMQFM0Q4763Q6Q,,,,,,,,,,,
generic.outlet.contact1@hnk-oms.com,cus_01HQSXB1GYPQA43AP9SY3YRRJH,depot_01HES9APM60R2D27MW39GHT6YC,outlet_01HES9DJKBGHZX1K6ZDA5F5KX7,,,,,,,,,,,
generic.outlet.contact1@hnk-oms.com,cus_01HQSXB1GYPQA43AP9SY3YRRJH,depot_01HES9APM60R2D27MW39GHT6YC,outlet_01HES9DJN9ZRYGZAM2DHHW37CH,,,,,,,,,,,
generic.outlet.contact1@hnk-oms.com,cus_01HQSXB1GYPQA43AP9SY3YRRJH,depot_01HES9APM60R2D27MW39GHT6YC,outlet_01HES9DJQ00DNG04Y1TWX0FZ56,,,,,,,,,,,
generic.outlet.contact1@hnk-oms.com,cus_01HQSXB1GYPQA43AP9SY3YRRJH,depot_01HES9APM60R2D27MW39GHT6YC,outlet_01HES9DJT851EQFBS29RKZJ9GM,,,,,,,,,,,
generic.outlet.contact1@hnk-oms.com,cus_01HQSXB1GYPQA43AP9SY3YRRJH,depot_01HES9APM60R2D27MW39GHT6YC,outlet_01HES9DJVR16G71MY3Y5D0RSFX,,,,,,,,,,,
generic.outlet.contact1@hnk-oms.com,cus_01HQSXB1GYPQA43AP9SY3YRRJH,depot_01HES9APM60R2D27MW39GHT6YC,outlet_01HES9DJXAC8VFRJF982WZM2WD,,,,,,,,,,,
generic.outlet.contact1@hnk-oms.com,cus_01HQSXB1GYPQA43AP9SY3YRRJH,depot_01HES9APM60R2D27MW39GHT6YC,outlet_01HES9DJZBSVGHGH3G577N858X,,,,,,,,,,,
generic.outlet.contact1@hnk-oms.com,cus_01HQSXB1GYPQA43AP9SY3YRRJH,depot_01HES9APM60R2D27MW39GHT6YC,outlet_01HES9DK1R7ED38P9T4NZX1DZE,,,,,,,,,,,
generic.outlet.contact1@hnk-oms.com,cus_01HQSXB1GYPQA43AP9SY3YRRJH,depot_01HES9APM60R2D27MW39GHT6YC,outlet_01HES9DK3CX1PKSQ81RHPP8Z1J,,,,,,,,,,,
generic.outlet.contact1@hnk-oms.com,cus_01HQSXB1GYPQA43AP9SY3YRRJH,depot_01HES9APM60R2D27MW39GHT6YC,outlet_01HES9DK4XKC8Q4XEQYP207335,,,,,,,,,,,
generic.outlet.contact1@hnk-oms.com,cus_01HQSXB1GYPQA43AP9SY3YRRJH,depot_01HES9APM60R2D27MW39GHT6YC,outlet_01HES9DK6H8GCJCCBF6K8PFN8G,,,,,,,,,,,
generic.outlet.contact1@hnk-oms.com,cus_01HQSXB1GYPQA43AP9SY3YRRJH,depot_01HES9APM60R2D27MW39GHT6YC,outlet_01HES9DK9VEK7PJS6F9X8J53VM,,,,,,,,,,,
generic.outlet.contact1@hnk-oms.com,cus_01HQSXB1GYPQA43AP9SY3YRRJH,depot_01HES9APM60R2D27MW39GHT6YC,outlet_01HES9DKBJ1WPBGM5N2BG0VHQV,,,,,,,,,,,
generic.outlet.contact1@hnk-oms.com,cus_01HQSXB1GYPQA43AP9SY3YRRJH,depot_01HES9APM60R2D27MW39GHT6YC,outlet_01HES9DKD6HHF7SPWJNZVB8Z6F,,,,,,,,,,,
generic.outlet.contact1@hnk-oms.com,cus_01HQSXB1GYPQA43AP9SY3YRRJH,depot_01HES9APM60R2D27MW39GHT6YC,outlet_01HES9DKHTJP39V3W29TN5SW3N,,,,,,,,,,,
generic.outlet.contact1@hnk-oms.com,cus_01HQSXB1GYPQA43AP9SY3YRRJH,depot_01HES9APM60R2D27MW39GHT6YC,outlet_01HES9DKKGDST39NMNK3DY1XAW,,,,,,,,,,,
generic.outlet.contact1@hnk-oms.com,cus_01HQSXB1GYPQA43AP9SY3YRRJH,depot_01HES9APM60R2D27MW39GHT6YC,outlet_01HES9DKMZ7ASRP9GE8FKAEXJY,,,,,,,,,,,
generic.outlet.contact1@hnk-oms.com,cus_01HQSXB1GYPQA43AP9SY3YRRJH,depot_01HES9APM60R2D27MW39GHT6YC,outlet_01HES9DKQDDTATWH9N0EZ1SV29,,,,,,,,,,,
generic.outlet.contact1@hnk-oms.com,cus_01HQSXB1GYPQA43AP9SY3YRRJH,depot_01HES9APM60R2D27MW39GHT6YC,outlet_01HES9DKRSADT69SB3CV0ZWJPQ,,,,,,,,,,,
generic.outlet.contact1@hnk-oms.com,cus_01HQSXB1GYPQA43AP9SY3YRRJH,depot_01HES9APM60R2D27MW39GHT6YC,outlet_01HES9DKTGY6PN1RDHEQ0P89WD,,,,,,,,,,,
generic.outlet.contact1@hnk-oms.com,cus_01HQSXB1GYPQA43AP9SY3YRRJH,depot_01HES9APM60R2D27MW39GHT6YC,outlet_01HES9DKVTHED258RB50Y2WFQG,,,,,,,,,,,
generic.outlet.contact1@hnk-oms.com,cus_01HQSXB1GYPQA43AP9SY3YRRJH,depot_01HES9APM60R2D27MW39GHT6YC,outlet_01HES9DKXY1Y5PTNCNGCMJ618R,,,,,,,,,,,
generic.outlet.contact1@hnk-oms.com,cus_01HQSXB1GYPQA43AP9SY3YRRJH,depot_01HES9APM60R2D27MW39GHT6YC,outlet_01HES9DM1WVFGFPK6GJ2D38QZH,,,,,,,,,,,
generic.outlet.contact1@hnk-oms.com,cus_01HQSXB1GYPQA43AP9SY3YRRJH,depot_01HES9APM60R2D27MW39GHT6YC,outlet_01HES9DM3WW8RRA6ZD0N5M5QTW,,,,,,,,,,,
generic.outlet.contact1@hnk-oms.com,cus_01HQSXB1GYPQA43AP9SY3YRRJH,depot_01HES9APM60R2D27MW39GHT6YC,outlet_01HES9DM6TH2XJRSS8G94MX927,,,,,,,,,,,
generic.outlet.contact1@hnk-oms.com,cus_01HQSXB1GYPQA43AP9SY3YRRJH,depot_01HES9APM60R2D27MW39GHT6YC,outlet_01HES9DM8W6TYXGQS5933CRTMZ,,,,,,,,,,,
generic.outlet.contact1@hnk-oms.com,cus_01HQSXB1GYPQA43AP9SY3YRRJH,depot_01HES9APM60R2D27MW39GHT6YC,outlet_01HES9DMB1J9QYKGEPHHMJ7C46,,,,,,,,,,,
generic.outlet.contact1@hnk-oms.com,cus_01HQSXB1GYPQA43AP9SY3YRRJH,depot_01HES9APM60R2D27MW39GHT6YC,outlet_01HES9DMD7VSKJF6YKXDF36Y43,,,,,,,,,,,
generic.outlet.contact1@hnk-oms.com,cus_01HQSXB1GYPQA43AP9SY3YRRJH,depot_01HES9APM60R2D27MW39GHT6YC,outlet_01HES9DMF5AJYMWNB1BPDWNPZS,,,,,,,,,,,
generic.outlet.contact1@hnk-oms.com,cus_01HQSXB1GYPQA43AP9SY3YRRJH,depot_01HES9APM60R2D27MW39GHT6YC,outlet_01HES9DMGXBWK04QY8PACZ86VW,,,,,,,,,,,
generic.outlet.contact1@hnk-oms.com,cus_01HQSXB1GYPQA43AP9SY3YRRJH,depot_01HES9APM60R2D27MW39GHT6YC,outlet_01HES9DMKEDAQ7RDETEH1KBXGA,,,,,,,,,,,
generic.outlet.contact1@hnk-oms.com,cus_01HQSXB1GYPQA43AP9SY3YRRJH,depot_01HES9APM60R2D27MW39GHT6YC,outlet_01HES9DMPV5DV8YFP80VETJB1S,,,,,,,,,,,
generic.outlet.contact1@hnk-oms.com,cus_01HQSXB1GYPQA43AP9SY3YRRJH,depot_01HES9APM60R2D27MW39GHT6YC,outlet_01HES9DMT6ARFS7J7PQ3T1GDV5,,,,,,,,,,,
generic.outlet.contact1@hnk-oms.com,cus_01HQSXB1GYPQA43AP9SY3YRRJH,depot_01HES9APM60R2D27MW39GHT6YC,outlet_01HES9DN414DKEK32KC6199YRZ,,,,,,,,,,,
generic.outlet.contact1@hnk-oms.com,cus_01HQSXB1GYPQA43AP9SY3YRRJH,depot_01HES9APM60R2D27MW39GHT6YC,outlet_01HES9DN5X4SMPSKSBK7933W0K,,,,,,,,,,,
generic.outlet.contact1@hnk-oms.com,cus_01HQSXB1GYPQA43AP9SY3YRRJH,depot_01HES9APM60R2D27MW39GHT6YC,outlet_01HES9DN9H7TYYAM7ZHGBHKM9C,,,,,,,,,,,
generic.outlet.contact1@hnk-oms.com,cus_01HQSXB1GYPQA43AP9SY3YRRJH,depot_01HES9APM60R2D27MW39GHT6YC,outlet_01HES9DNCSCFJV20HQWXDKKB2E,,,,,,,,,,,
generic.outlet.contact1@hnk-oms.com,cus_01HQSXB1GYPQA43AP9SY3YRRJH,depot_01HES9APM60R2D27MW39GHT6YC,outlet_01HES9DNH2K0EMKFRV23EYPKED,,,,,,,,,,,
generic.outlet.contact1@hnk-oms.com,cus_01HQSXB1GYPQA43AP9SY3YRRJH,depot_01HES9APM60R2D27MW39GHT6YC,outlet_01HES9DNRVCN9SYGZ7353QJF9M,,,,,,,,,,,
generic.outlet.contact1@hnk-oms.com,cus_01HQSXB1GYPQA43AP9SY3YRRJH,depot_01HES9APM60R2D27MW39GHT6YC,outlet_01HES9DP0YY1RFCC3GSKG53QHM,,,,,,,,,,,
generic.outlet.contact1@hnk-oms.com,cus_01HQSXB1GYPQA43AP9SY3YRRJH,depot_01HES9APM60R2D27MW39GHT6YC,outlet_01HES9DP2GMT711ZE9NT1B9Z6K,,,,,,,,,,,
generic.outlet.contact1@hnk-oms.com,cus_01HQSXB1GYPQA43AP9SY3YRRJH,depot_01HES9APM60R2D27MW39GHT6YC,outlet_01HES9DP6PV2RYCB2VT2YGSZP8,,,,,,,,,,,
generic.outlet.contact1@hnk-oms.com,cus_01HQSXB1GYPQA43AP9SY3YRRJH,depot_01HES9APM60R2D27MW39GHT6YC,outlet_01HES9DP8J0QB13CAS5RGCYAFT,,,,,,,,,,,
generic.outlet.contact1@hnk-oms.com,cus_01HQSXB1GYPQA43AP9SY3YRRJH,depot_01HES9APM60R2D27MW39GHT6YC,outlet_01HES9DPB4QZJ29AH1AB15YEAJ,,,,,,,,,,,
generic.outlet.contact1@hnk-oms.com,cus_01HQSXB1GYPQA43AP9SY3YRRJH,depot_01HES9APM60R2D27MW39GHT6YC,outlet_01HES9DPEBTWD71J4JPCP9MBAZ,,,,,,,,,,,
generic.outlet.contact1@hnk-oms.com,cus_01HQSXB1GYPQA43AP9SY3YRRJH,depot_01HES9APM60R2D27MW39GHT6YC,outlet_01HES9DPHPB5TZGFCVQB9DEPXZ,,,,,,,,,,,
generic.outlet.contact1@hnk-oms.com,cus_01HQSXB1GYPQA43AP9SY3YRRJH,depot_01HES9APM60R2D27MW39GHT6YC,outlet_01HES9DPK4SE7ZE90Q97M7XK6S,,,,,,,,,,,
generic.outlet.contact1@hnk-oms.com,cus_01HQSXB1GYPQA43AP9SY3YRRJH,depot_01HES9APM60R2D27MW39GHT6YC,outlet_01HES9DPMY0769SKTN7Z1V8HNY,,,,,,,,,,,
generic.outlet.contact1@hnk-oms.com,cus_01HQSXB1GYPQA43AP9SY3YRRJH,depot_01HES9APM60R2D27MW39GHT6YC,outlet_01HES9DPPFBWATSPPX568KFZ3W,,,,,,,,,,,
generic.outlet.contact1@hnk-oms.com,cus_01HQSXB1GYPQA43AP9SY3YRRJH,depot_01HES9APM60R2D27MW39GHT6YC,outlet_01HES9DPTQ9R2FBB0ZN6C5569S,,,,,,,,,,,
generic.outlet.contact1@hnk-oms.com,cus_01HQSXB1GYPQA43AP9SY3YRRJH,depot_01HES9APM60R2D27MW39GHT6YC,outlet_01HES9DPWAE2QNX75G9B7MFCEC,,,,,,,,,,,
generic.outlet.contact1@hnk-oms.com,cus_01HQSXB1GYPQA43AP9SY3YRRJH,depot_01HES9APM60R2D27MW39GHT6YC,outlet_01HES9DQ0DYKYRH4QM765526KD,,,,,,,,,,,
generic.outlet.contact1@hnk-oms.com,cus_01HQSXB1GYPQA43AP9SY3YRRJH,depot_01HES9APM60R2D27MW39GHT6YC,outlet_01HES9DQ1ZEWQA24XM57DCX92Y,,,,,,,,,,,
generic.outlet.contact1@hnk-oms.com,cus_01HQSXB1GYPQA43AP9SY3YRRJH,depot_01HES9APM60R2D27MW39GHT6YC,outlet_01HES9DQ3BRHHDDCF5D97B11MQ,,,,,,,,,,,
generic.outlet.contact1@hnk-oms.com,cus_01HQSXB1GYPQA43AP9SY3YRRJH,depot_01HES9APM60R2D27MW39GHT6YC,outlet_01HES9DQ5BAR8BSRS7Z31CG98F,,,,,,,,,,,
generic.outlet.contact1@hnk-oms.com,cus_01HQSXB1GYPQA43AP9SY3YRRJH,depot_01HES9APM60R2D27MW39GHT6YC,outlet_01HES9DQ6VWD0QGW79D4922F86,,,,,,,,,,,
generic.outlet.contact1@hnk-oms.com,cus_01HQSXB1GYPQA43AP9SY3YRRJH,depot_01HES9APM60R2D27MW39GHT6YC,outlet_01HES9DQ8ABJWJ7YJ8XB5SWVDA,,,,,,,,,,,
generic.outlet.contact1@hnk-oms.com,cus_01HQSXB1GYPQA43AP9SY3YRRJH,depot_01HES9APM60R2D27MW39GHT6YC,outlet_01HES9DQ9YGFX39253RHB3HQXJ,,,,,,,,,,,
generic.outlet.contact1@hnk-oms.com,cus_01HQSXB1GYPQA43AP9SY3YRRJH,depot_01HES9APM60R2D27MW39GHT6YC,outlet_01HES9DQBFK3WD4RXN034N76G7,,,,,,,,,,,
generic.outlet.contact1@hnk-oms.com,cus_01HQSXB1GYPQA43AP9SY3YRRJH,depot_01HES9APM60R2D27MW39GHT6YC,outlet_01HES9DQF4M3YE7SWSHEQ3M8K9,,,,,,,,,,,
generic.outlet.contact1@hnk-oms.com,cus_01HQSXB1GYPQA43AP9SY3YRRJH,depot_01HES9APM60R2D27MW39GHT6YC,outlet_01HES9DQGRBN8Y46EZKQ0YCAB5,,,,,,,,,,,
generic.outlet.contact1@hnk-oms.com,cus_01HQSXB1GYPQA43AP9SY3YRRJH,depot_01HES9APM60R2D27MW39GHT6YC,outlet_01HF3PCHP2FT8QCQ2RP6TBHYK1,,,,,,,,,,,
generic.outlet.contact1@hnk-oms.com,cus_01HQSXB1GYPQA43AP9SY3YRRJH,depot_01HES9APM60R2D27MW39GHT6YC,outlet_01HF3PCHV48R541XGY4Q258YSZ,,,,,,,,,,,
generic.outlet.contact1@hnk-oms.com,cus_01HQSXB1GYPQA43AP9SY3YRRJH,depot_01HES9APM60R2D27MW39GHT6YC,outlet_01HF3PCJ1A6FVF7CAYF0TB5RYM,,,,,,,,,,,
generic.outlet.contact1@hnk-oms.com,cus_01HQSXB1GYPQA43AP9SY3YRRJH,depot_01HES9APM60R2D27MW39GHT6YC,outlet_01HF3PCJ9H6PBXTMKE4TGZMX3E,,,,,,,,,,,
generic.outlet.contact1@hnk-oms.com,cus_01HQSXB1GYPQA43AP9SY3YRRJH,depot_01HES9APM60R2D27MW39GHT6YC,outlet_01HF3PCK1C3D5YM6WN7CENZAQV,,,,,,,,,,,
generic.outlet.contact1@hnk-oms.com,cus_01HQSXB1GYPQA43AP9SY3YRRJH,depot_01HES9APM60R2D27MW39GHT6YC,outlet_01HF3PCK81YH7SXF83R6YHMQSH,,,,,,,,,,,
generic.outlet.contact1@hnk-oms.com,cus_01HQSXB1GYPQA43AP9SY3YRRJH,depot_01HES9APM60R2D27MW39GHT6YC,outlet_01HF3PCKDHQYKECZQFRFWG1JQY,,,,,,,,,,,
generic.outlet.contact1@hnk-oms.com,cus_01HQSXB1GYPQA43AP9SY3YRRJH,depot_01HES9APM60R2D27MW39GHT6YC,outlet_01HF3PCKMD7BRR98VCA1AH3TT6,,,,,,,,,,,
generic.outlet.contact1@hnk-oms.com,cus_01HQSXB1GYPQA43AP9SY3YRRJH,depot_01HES9APM60R2D27MW39GHT6YC,outlet_01HF3PCM0MV809DXBP7C7XPS7P,,,,,,,,,,,
generic.outlet.contact1@hnk-oms.com,cus_01HQSXB1GYPQA43AP9SY3YRRJH,depot_01HES9APM60R2D27MW39GHT6YC,outlet_01HF3PCM6MFWKQAQMBKM3ATYDG,,,,,,,,,,,
generic.outlet.contact1@hnk-oms.com,cus_01HQSXB1GYPQA43AP9SY3YRRJH,depot_01HES9APM60R2D27MW39GHT6YC,outlet_01HF3PCMC7WECMWFA4S00AJQFV,,,,,,,,,,,
generic.outlet.contact1@hnk-oms.com,cus_01HQSXB1GYPQA43AP9SY3YRRJH,depot_01HES9APM60R2D27MW39GHT6YC,outlet_01HF3PCMSRSXR9ENGCTGWYHX04,,,,,,,,,,,
generic.outlet.contact1@hnk-oms.com,cus_01HQSXB1GYPQA43AP9SY3YRRJH,depot_01HES9APM60R2D27MW39GHT6YC,outlet_01HF3PCMYJ9H1M08QGEP592X43,,,,,,,,,,,
generic.outlet.contact1@hnk-oms.com,cus_01HQSXB1GYPQA43AP9SY3YRRJH,depot_01HES9APM60R2D27MW39GHT6YC,outlet_01HF3PCN3KS43TP92V87Q3G010,,,,,,,,,,,
generic.outlet.contact1@hnk-oms.com,cus_01HQSXB1GYPQA43AP9SY3YRRJH,depot_01HES9APM60R2D27MW39GHT6YC,outlet_01HF3PCN99FNW7P8VW7XBKN3C6,,,,,,,,,,,
generic.outlet.contact1@hnk-oms.com,cus_01HQSXB1GYPQA43AP9SY3YRRJH,depot_01HES9APM60R2D27MW39GHT6YC,outlet_01HF3PCNHHMPACPSXW30WJW6XC,,,,,,,,,,,
generic.outlet.contact1@hnk-oms.com,cus_01HQSXB1GYPQA43AP9SY3YRRJH,depot_01HES9APM60R2D27MW39GHT6YC,outlet_01HF3PCNRH2BWRWNXTS3B9KGDM,,,,,,,,,,,
generic.outlet.contact1@hnk-oms.com,cus_01HQSXB1GYPQA43AP9SY3YRRJH,depot_01HES9APM60R2D27MW39GHT6YC,outlet_01HF3PCNYAGNRX0F1NGHTYWPFT,,,,,,,,,,,
generic.outlet.contact1@hnk-oms.com,cus_01HQSXB1GYPQA43AP9SY3YRRJH,depot_01HES9APM60R2D27MW39GHT6YC,outlet_01HF3PCP536ZA1N92BHE618RMC,,,,,,,,,,,
generic.outlet.contact1@hnk-oms.com,cus_01HQSXB1GYPQA43AP9SY3YRRJH,depot_01HES9APM60R2D27MW39GHT6YC,outlet_01HF3PCPCNBDKS8FTPQ5AAC5RV,,,,,,,,,,,
generic.outlet.contact1@hnk-oms.com,cus_01HQSXB1GYPQA43AP9SY3YRRJH,depot_01HES9APM60R2D27MW39GHT6YC,outlet_01HF3PCPJBTF50W61J887Q6AJJ,,,,,,,,,,,
generic.outlet.contact1@hnk-oms.com,cus_01HQSXB1GYPQA43AP9SY3YRRJH,depot_01HES9APM60R2D27MW39GHT6YC,outlet_01HF3PCPR994XZJ58E0511XYEP,,,,,,,,,,,
generic.outlet.contact1@hnk-oms.com,cus_01HQSXB1GYPQA43AP9SY3YRRJH,depot_01HES9APM60R2D27MW39GHT6YC,outlet_01HF3PCPY6VT3BAX86D0HXY0NA,,,,,,,,,,,
generic.outlet.contact1@hnk-oms.com,cus_01HQSXB1GYPQA43AP9SY3YRRJH,depot_01HES9APM60R2D27MW39GHT6YC,outlet_01HF3PCQ4XBEKX2KBS3HG6FW2X,,,,,,,,,,,
generic.outlet.contact1@hnk-oms.com,cus_01HQSXB1GYPQA43AP9SY3YRRJH,depot_01HES9APM60R2D27MW39GHT6YC,outlet_01HF3PCQD9RXXTEN7RSY8EACH4,,,,,,,,,,,
generic.outlet.contact1@hnk-oms.com,cus_01HQSXB1GYPQA43AP9SY3YRRJH,depot_01HES9APM60R2D27MW39GHT6YC,outlet_01HF3PCQJM2ZMGPY89N0BW69J6,,,,,,,,,,,
generic.outlet.contact1@hnk-oms.com,cus_01HQSXB1GYPQA43AP9SY3YRRJH,depot_01HES9APM60R2D27MW39GHT6YC,outlet_01HF3PCQR842K7VEMN64EWGNX2,,,,,,,,,,,
generic.outlet.contact1@hnk-oms.com,cus_01HQSXB1GYPQA43AP9SY3YRRJH,depot_01HES9APM60R2D27MW39GHT6YC,outlet_01HF3PCQYKPYDWMVKPVA3WS4W6,,,,,,,,,,,
generic.outlet.contact1@hnk-oms.com,cus_01HQSXB1GYPQA43AP9SY3YRRJH,depot_01HES9APM60R2D27MW39GHT6YC,outlet_01HF3PCR5NBX12E0W07XKNCB28,,,,,,,,,,,
generic.outlet.contact1@hnk-oms.com,cus_01HQSXB1GYPQA43AP9SY3YRRJH,depot_01HES9APM60R2D27MW39GHT6YC,outlet_01HF3PCRD90EVAFXRHK443RFSW,,,,,,,,,,,
generic.outlet.contact1@hnk-oms.com,cus_01HQSXB1GYPQA43AP9SY3YRRJH,depot_01HES9APM60R2D27MW39GHT6YC,outlet_01HF3PCRJ7KHFX5ATTEAEJC4SM,,,,,,,,,,,
generic.outlet.contact1@hnk-oms.com,cus_01HQSXB1GYPQA43AP9SY3YRRJH,depot_01HES9APM60R2D27MW39GHT6YC,outlet_01HF3PCRR3R1ASM5KZE4MR2TRD,,,,,,,,,,,
generic.outlet.contact1@hnk-oms.com,cus_01HQSXB1GYPQA43AP9SY3YRRJH,depot_01HES9APM60R2D27MW39GHT6YC,outlet_01HF3PCRYJJH43MY7D423SGQJ3,,,,,,,,,,,
generic.outlet.contact1@hnk-oms.com,cus_01HQSXB1GYPQA43AP9SY3YRRJH,depot_01HES9APM60R2D27MW39GHT6YC,outlet_01HF3PCS3K4HK2HTKR272J32PK,,,,,,,,,,,
generic.outlet.contact1@hnk-oms.com,cus_01HQSXB1GYPQA43AP9SY3YRRJH,depot_01HES9APM60R2D27MW39GHT6YC,outlet_01HF3PCS8CG3B55EHYJ1X7HVAX,,,,,,,,,,,
generic.outlet.contact1@hnk-oms.com,cus_01HQSXB1GYPQA43AP9SY3YRRJH,depot_01HES9APM60R2D27MW39GHT6YC,outlet_01HF3PCSMKMN11HY45K4NB7DJ6,,,,,,,,,,,
generic.outlet.contact1@hnk-oms.com,cus_01HQSXB1GYPQA43AP9SY3YRRJH,depot_01HES9APM60R2D27MW39GHT6YC,outlet_01HF3PCSSWX2QG8W2X5MSJ6R33,,,,,,,,,,,
generic.outlet.contact1@hnk-oms.com,cus_01HQSXB1GYPQA43AP9SY3YRRJH,depot_01HES9APM60R2D27MW39GHT6YC,outlet_01HF3PCT18N9741ZWDZFAA1TFQ,,,,,,,,,,,
generic.outlet.contact1@hnk-oms.com,cus_01HQSXB1GYPQA43AP9SY3YRRJH,depot_01HES9APM60R2D27MW39GHT6YC,outlet_01HF3PEBZ5GW4TM3QNEZHA4638,,,,,,,,,,,
generic.outlet.contact1@hnk-oms.com,cus_01HQSXB1GYPQA43AP9SY3YRRJH,depot_01HES9APM60R2D27MW39GHT6YC,outlet_01HF3PF4DS5NGN59SFWHYC2F6B,,,,,,,,,,,
generic.outlet.contact1@hnk-oms.com,cus_01HQSXB1GYPQA43AP9SY3YRRJH,depot_01HES9APM60R2D27MW39GHT6YC,outlet_01HF3PF5H1XX3J52YM330RZMD1,,,,,,,,,,,
generic.outlet.contact1@hnk-oms.com,cus_01HQSXB1GYPQA43AP9SY3YRRJH,depot_01HES9APM60R2D27MW39GHT6YC,outlet_01HF3PF63AN7GSVE8AB3JKAVYZ,,,,,,,,,,,
generic.outlet.contact1@hnk-oms.com,cus_01HQSXB1GYPQA43AP9SY3YRRJH,depot_01HES9APM60R2D27MW39GHT6YC,outlet_01HF3PF740JZ8G110ZEVCYN2S7,,,,,,,,,,,
generic.outlet.contact1@hnk-oms.com,cus_01HQSXB1GYPQA43AP9SY3YRRJH,depot_01HES9APM60R2D27MW39GHT6YC,outlet_01HF3PF7Z78MN1SGZX9MYYM0WK,,,,,,,,,,,
generic.outlet.contact1@hnk-oms.com,cus_01HQSXB1GYPQA43AP9SY3YRRJH,depot_01HES9APM60R2D27MW39GHT6YC,outlet_01HF3PF87ZVMCD1KV9GJAMD8QC,,,,,,,,,,,
generic.outlet.contact1@hnk-oms.com,cus_01HQSXB1GYPQA43AP9SY3YRRJH,depot_01HES9APM60R2D27MW39GHT6YC,outlet_01HF3PF8EMCXE4KSWDPG7BD59P,,,,,,,,,,,
generic.outlet.contact1@hnk-oms.com,cus_01HQSXB1GYPQA43AP9SY3YRRJH,depot_01HES9APM60R2D27MW39GHT6YC,outlet_01HF3PF8QH8WKHMRPCE77G3E4B,,,,,,,,,,,
generic.outlet.contact1@hnk-oms.com,cus_01HQSXB1GYPQA43AP9SY3YRRJH,depot_01HES9APM60R2D27MW39GHT6YC,outlet_01HF3PF8YHQV6GN2JMJR08K1EH,,,,,,,,,,,
generic.outlet.contact1@hnk-oms.com,cus_01HQSXB1GYPQA43AP9SY3YRRJH,depot_01HES9APM60R2D27MW39GHT6YC,outlet_01HF3PF97EZFQ3KBD2KYDQX6VW,,,,,,,,,,,
generic.outlet.contact1@hnk-oms.com,cus_01HQSXB1GYPQA43AP9SY3YRRJH,depot_01HES9APM60R2D27MW39GHT6YC,outlet_01HF3PF9DAPDQ4X10T77QZRT7J,,,,,,,,,,,
generic.outlet.contact1@hnk-oms.com,cus_01HQSXB1GYPQA43AP9SY3YRRJH,depot_01HES9APM60R2D27MW39GHT6YC,outlet_01HF3PF9KQESG6X81TSDZ3J87N,,,,,,,,,,,
generic.outlet.contact1@hnk-oms.com,cus_01HQSXB1GYPQA43AP9SY3YRRJH,depot_01HES9APM60R2D27MW39GHT6YC,outlet_01HF3PFAAR50NW2Q0BQNAZR0ZY,,,,,,,,,,,
generic.outlet.contact1@hnk-oms.com,cus_01HQSXB1GYPQA43AP9SY3YRRJH,depot_01HES9APM60R2D27MW39GHT6YC,outlet_01HF3PFG6TKS5PFWNWVFWR80JE,,,,,,,,,,,
generic.outlet.contact1@hnk-oms.com,cus_01HQSXB1GYPQA43AP9SY3YRRJH,depot_01HES9APM60R2D27MW39GHT6YC,outlet_01HF3PG2JN5V9BP32Y2CK5BB4X,,,,,,,,,,,
generic.outlet.contact1@hnk-oms.com,cus_01HQSXB1GYPQA43AP9SY3YRRJH,depot_01HES9APM60R2D27MW39GHT6YC,outlet_01HF3PG2R0YBMBKV4KJVD27G38,,,,,,,,,,,
generic.outlet.contact1@hnk-oms.com,cus_01HQSXB1GYPQA43AP9SY3YRRJH,depot_01HES9APM60R2D27MW39GHT6YC,outlet_01HF3PG2YTBN0KBH200NNSEXNA,,,,,,,,,,,
generic.outlet.contact1@hnk-oms.com,cus_01HQSXB1GYPQA43AP9SY3YRRJH,depot_01HES9APM60R2D27MW39GHT6YC,outlet_01HF3PG35B5WPERTNK0D4EC3MV,,,,,,,,,,,
generic.outlet.contact1@hnk-oms.com,cus_01HQSXB1GYPQA43AP9SY3YRRJH,depot_01HES9APM60R2D27MW39GHT6YC,outlet_01HF3PG46EDABPRRWJ9HQW92AR,,,,,,,,,,,
generic.outlet.contact1@hnk-oms.com,cus_01HQSXB1GYPQA43AP9SY3YRRJH,depot_01HES9APM60R2D27MW39GHT6YC,outlet_01HF3PG4D0186V0D76K4RPBXT6,,,,,,,,,,,
generic.outlet.contact1@hnk-oms.com,cus_01HQSXB1GYPQA43AP9SY3YRRJH,depot_01HES9APM60R2D27MW39GHT6YC,outlet_01HF3PG4JKKBQ7GXB91GJR8728,,,,,,,,,,,
generic.outlet.contact1@hnk-oms.com,cus_01HQSXB1GYPQA43AP9SY3YRRJH,depot_01HES9APM60R2D27MW39GHT6YC,outlet_01HF3PG5DD17QQGK97F65ND3FK,,,,,,,,,,,
generic.outlet.contact1@hnk-oms.com,cus_01HQSXB1GYPQA43AP9SY3YRRJH,depot_01HES9APM60R2D27MW39GHT6YC,outlet_01HF3PG5JAT227CH8HXHRT69WF,,,,,,,,,,,
generic.outlet.contact1@hnk-oms.com,cus_01HQSXB1GYPQA43AP9SY3YRRJH,depot_01HES9APM60R2D27MW39GHT6YC,outlet_01HF3PG5RXFRRG3VM3WJ6QBR52,,,,,,,,,,,
generic.outlet.contact1@hnk-oms.com,cus_01HQSXB1GYPQA43AP9SY3YRRJH,depot_01HES9APM60R2D27MW39GHT6YC,outlet_01HF3PG705AS3FDM6QA133H82J,,,,,,,,,,,
generic.outlet.contact1@hnk-oms.com,cus_01HQSXB1GYPQA43AP9SY3YRRJH,depot_01HES9APM60R2D27MW39GHT6YC,outlet_01HF3PG75HBPNK2W7TY2NACBEG,,,,,,,,,,,
generic.outlet.contact1@hnk-oms.com,cus_01HQSXB1GYPQA43AP9SY3YRRJH,depot_01HES9APM60R2D27MW39GHT6YC,outlet_01HF3PG7BVGA5MPNXNMGA4R4RJ,,,,,,,,,,,
generic.outlet.contact1@hnk-oms.com,cus_01HQSXB1GYPQA43AP9SY3YRRJH,depot_01HES9APM60R2D27MW39GHT6YC,outlet_01HF3PG7JABDXDG8Q8HQYMTADX,,,,,,,,,,,
generic.outlet.contact1@hnk-oms.com,cus_01HQSXB1GYPQA43AP9SY3YRRJH,depot_01HES9APM60R2D27MW39GHT6YC,outlet_01HF3PGKXNQKXEM541M4QFXZ5B,,,,,,,,,,,
generic.outlet.contact1@hnk-oms.com,cus_01HQSXB1GYPQA43AP9SY3YRRJH,depot_01HES9APM60R2D27MW39GHT6YC,outlet_01HF3PGM2VVKH6WX0PJ4ZKNJEN,,,,,,,,,,,
generic.outlet.contact1@hnk-oms.com,cus_01HQSXB1GYPQA43AP9SY3YRRJH,depot_01HES9APM60R2D27MW39GHT6YC,outlet_01HF3PGM7XPTRF58BJRHN1M70E,,,,,,,,,,,
generic.outlet.contact1@hnk-oms.com,cus_01HQSXB1GYPQA43AP9SY3YRRJH,depot_01HES9APM60R2D27MW39GHT6YC,outlet_01HF3PGMFKZ2VBHJ5S7MX80V67,,,,,,,,,,,
generic.outlet.contact1@hnk-oms.com,cus_01HQSXB1GYPQA43AP9SY3YRRJH,depot_01HES9APM60R2D27MW39GHT6YC,outlet_01HF3PGMNH3NAZKQXFCTRNTFZG,,,,,,,,,,,
generic.outlet.contact1@hnk-oms.com,cus_01HQSXB1GYPQA43AP9SY3YRRJH,depot_01HES9APM60R2D27MW39GHT6YC,outlet_01HF3PGMV9RWNN6Q0X24QGK1BN,,,,,,,,,,,
generic.outlet.contact1@hnk-oms.com,cus_01HQSXB1GYPQA43AP9SY3YRRJH,depot_01HES9APM60R2D27MW39GHT6YC,outlet_01HF3PGN0TWXZ0CA5WNS7M7BS7,,,,,,,,,,,
generic.outlet.contact1@hnk-oms.com,cus_01HQSXB1GYPQA43AP9SY3YRRJH,depot_01HES9APM60R2D27MW39GHT6YC,outlet_01HF3PGN6VS6N1QK9FET7KDPC6,,,,,,,,,,,
generic.outlet.contact1@hnk-oms.com,cus_01HQSXB1GYPQA43AP9SY3YRRJH,depot_01HES9APM60R2D27MW39GHT6YC,outlet_01HF3PGYY1J4GYK7FF3Z6WSCYV,,,,,,,,,,,
generic.outlet.contact1@hnk-oms.com,cus_01HQSXB1GYPQA43AP9SY3YRRJH,depot_01HES9APM60R2D27MW39GHT6YC,outlet_01HF3PGZ3NNKFQ150X2W3X0G38,,,,,,,,,,,
generic.outlet.contact1@hnk-oms.com,cus_01HQSXB1GYPQA43AP9SY3YRRJH,depot_01HES9APM60R2D27MW39GHT6YC,outlet_01HF3PGZ8H8ZEB0GDKCW0H78S7,,,,,,,,,,,
generic.outlet.contact1@hnk-oms.com,cus_01HQSXB1GYPQA43AP9SY3YRRJH,depot_01HES9APM60R2D27MW39GHT6YC,outlet_01HF3PGZE82VBHVQJW8HW7853N,,,,,,,,,,,
generic.outlet.contact1@hnk-oms.com,cus_01HQSXB1GYPQA43AP9SY3YRRJH,depot_01HES9APM60R2D27MW39GHT6YC,outlet_01HF3PH2V26RENE7FQ14T8TJE3,,,,,,,,,,,
generic.outlet.contact1@hnk-oms.com,cus_01HQSXB1GYPQA43AP9SY3YRRJH,depot_01HES9APM60R2D27MW39GHT6YC,outlet_01HF3PH303N26X1GWA8HSKV3RX,,,,,,,,,,,
generic.outlet.contact1@hnk-oms.com,cus_01HQSXB1GYPQA43AP9SY3YRRJH,depot_01HES9APM60R2D27MW39GHT6YC,outlet_01HF3PH358PXGMHKNE6ME0HC2S,,,,,,,,,,,
generic.outlet.contact1@hnk-oms.com,cus_01HQSXB1GYPQA43AP9SY3YRRJH,depot_01HES9APM60R2D27MW39GHT6YC,outlet_01HF3PH5FBKDAMQ90JVC7YZMN8,,,,,,,,,,,
generic.outlet.contact1@hnk-oms.com,cus_01HQSXB1GYPQA43AP9SY3YRRJH,depot_01HES9APM60R2D27MW39GHT6YC,outlet_01HF3PH7JTV81K04ZA41E1NARX,,,,,,,,,,,
generic.outlet.contact1@hnk-oms.com,cus_01HQSXB1GYPQA43AP9SY3YRRJH,depot_01HES9APM60R2D27MW39GHT6YC,outlet_01HF3PH7SFDW4F870QMNMC6AHF,,,,,,,,,,,
generic.outlet.contact1@hnk-oms.com,cus_01HQSXB1GYPQA43AP9SY3YRRJH,depot_01HES9APM60R2D27MW39GHT6YC,outlet_01HF3PH7Z67S1N51G4EARY0JBC,,,,,,,,,,,
generic.outlet.contact1@hnk-oms.com,cus_01HQSXB1GYPQA43AP9SY3YRRJH,depot_01HES9APM60R2D27MW39GHT6YC,outlet_01HF3PH85N606CKZZWF0WDX1HN,,,,,,,,,,,
generic.outlet.contact1@hnk-oms.com,cus_01HQSXB1GYPQA43AP9SY3YRRJH,depot_01HES9APM60R2D27MW39GHT6YC,outlet_01HF3PH8CYHMRNWS6C3Q9WT56T,,,,,,,,,,,
generic.outlet.contact1@hnk-oms.com,cus_01HQSXB1GYPQA43AP9SY3YRRJH,depot_01HES9APM60R2D27MW39GHT6YC,outlet_01HF3PH8K6H3FGZBFF31FWNGAD,,,,,,,,,,,
generic.outlet.contact1@hnk-oms.com,cus_01HQSXB1GYPQA43AP9SY3YRRJH,depot_01HES9APM60R2D27MW39GHT6YC,outlet_01HF3PH8RY0H10XKXK2G8TYR99,,,,,,,,,,,
generic.outlet.contact1@hnk-oms.com,cus_01HQSXB1GYPQA43AP9SY3YRRJH,depot_01HES9APM60R2D27MW39GHT6YC,outlet_01HF3PH8ZTJ7X0SWBHNXYFHQBD,,,,,,,,,,,
generic.outlet.contact1@hnk-oms.com,cus_01HQSXB1GYPQA43AP9SY3YRRJH,depot_01HES9APM60R2D27MW39GHT6YC,outlet_01HF3PH94QG3FPDSWZTQVTCFRB,,,,,,,,,,,
generic.outlet.contact1@hnk-oms.com,cus_01HQSXB1GYPQA43AP9SY3YRRJH,depot_01HES9APM60R2D27MW39GHT6YC,outlet_01HF3PH99H9GA7YXGR9DQDSXT2,,,,,,,,,,,
generic.outlet.contact1@hnk-oms.com,cus_01HQSXB1GYPQA43AP9SY3YRRJH,depot_01HES9APM60R2D27MW39GHT6YC,outlet_01HF3PH9FG7KPV2VM6ZDQW74HR,,,,,,,,,,,
generic.outlet.contact1@hnk-oms.com,cus_01HQSXB1GYPQA43AP9SY3YRRJH,depot_01HES9APM60R2D27MW39GHT6YC,outlet_01HF3PHAGEWJW6FP8MJPSJG4M7,,,,,,,,,,,
generic.outlet.contact1@hnk-oms.com,cus_01HQSXB1GYPQA43AP9SY3YRRJH,depot_01HES9APM60R2D27MW39GHT6YC,outlet_01HF3PHAQBR3JE0QXDJ7P7G2PB,,,,,,,,,,,
generic.outlet.contact1@hnk-oms.com,cus_01HQSXB1GYPQA43AP9SY3YRRJH,depot_01HES9APM60R2D27MW39GHT6YC,outlet_01HF3PHB20BZ9MWAW9Z97HM7C3,,,,,,,,,,,
generic.outlet.contact1@hnk-oms.com,cus_01HQSXB1GYPQA43AP9SY3YRRJH,depot_01HES9APM60R2D27MW39GHT6YC,outlet_01HF3PHB89HMNQKJK2JMGZQA1W,,,,,,,,,,,
generic.outlet.contact1@hnk-oms.com,cus_01HQSXB1GYPQA43AP9SY3YRRJH,depot_01HES9APM60R2D27MW39GHT6YC,outlet_01HF3PHBFV6JE7B46J70NV2ZDE,,,,,,,,,,,
generic.outlet.contact1@hnk-oms.com,cus_01HQSXB1GYPQA43AP9SY3YRRJH,depot_01HES9APM60R2D27MW39GHT6YC,outlet_01HF3PHBMXVJ30FGT4SVS20Y0B,,,,,,,,,,,
generic.outlet.contact1@hnk-oms.com,cus_01HQSXB1GYPQA43AP9SY3YRRJH,depot_01HES9APM60R2D27MW39GHT6YC,outlet_01HF3PHBT5J6KM7DS1CCJ96680,,,,,,,,,,,
generic.outlet.contact1@hnk-oms.com,cus_01HQSXB1GYPQA43AP9SY3YRRJH,depot_01HES9APM60R2D27MW39GHT6YC,outlet_01HF3PHF6KNTEF6X8P86VKXW1H,,,,,,,,,,,
generic.outlet.contact1@hnk-oms.com,cus_01HQSXB1GYPQA43AP9SY3YRRJH,depot_01HES9APM60R2D27MW39GHT6YC,outlet_01HF3PHFF1WXV5YS7PT4C1JWY7,,,,,,,,,,,
generic.outlet.contact1@hnk-oms.com,cus_01HQSXB1GYPQA43AP9SY3YRRJH,depot_01HES9APM60R2D27MW39GHT6YC,outlet_01HF3PHFNAW3K820AZENRYBYD7,,,,,,,,,,,
generic.outlet.contact1@hnk-oms.com,cus_01HQSXB1GYPQA43AP9SY3YRRJH,depot_01HES9APM60R2D27MW39GHT6YC,outlet_01HF3PHFV2XQCE5MDPCFN8W076,,,,,,,,,,,
generic.outlet.contact1@hnk-oms.com,cus_01HQSXB1GYPQA43AP9SY3YRRJH,depot_01HES9APM60R2D27MW39GHT6YC,outlet_01HF3PHG0KPV5QYNQ3FY0PCZJW,,,,,,,,,,,
generic.outlet.contact1@hnk-oms.com,cus_01HQSXB1GYPQA43AP9SY3YRRJH,depot_01HES9APM60R2D27MW39GHT6YC,outlet_01HF3PHG7KXRTA9D74Z1NZZC8R,,,,,,,,,,,
generic.outlet.contact1@hnk-oms.com,cus_01HQSXB1GYPQA43AP9SY3YRRJH,depot_01HES9APM60R2D27MW39GHT6YC,outlet_01HF3PHGF301GQZQ90NA4Q3EY9,,,,,,,,,,,
generic.outlet.contact1@hnk-oms.com,cus_01HQSXB1GYPQA43AP9SY3YRRJH,depot_01HES9APM60R2D27MW39GHT6YC,outlet_01HF3PHGQWCWHBEJDZH2XKN1J9,,,,,,,,,,,
generic.outlet.contact1@hnk-oms.com,cus_01HQSXB1GYPQA43AP9SY3YRRJH,depot_01HES9APM60R2D27MW39GHT6YC,outlet_01HF3PHJMW50J7W7NHNSKNDS6R,,,,,,,,,,,
generic.outlet.contact1@hnk-oms.com,cus_01HQSXB1GYPQA43AP9SY3YRRJH,depot_01HES9APM60R2D27MW39GHT6YC,outlet_01HF3PHJVCXXEMEVJWSBC493R7,,,,,,,,,,,
generic.outlet.contact1@hnk-oms.com,cus_01HQSXB1GYPQA43AP9SY3YRRJH,depot_01HES9APM60R2D27MW39GHT6YC,outlet_01HF3PHK6ZSFE7Z3EHNZ9X8WRB,,,,,,,,,,,
generic.outlet.contact1@hnk-oms.com,cus_01HQSXB1GYPQA43AP9SY3YRRJH,depot_01HES9APM60R2D27MW39GHT6YC,outlet_01HF3PHKE1P5631APHSFXMX7KF,,,,,,,,,,,
generic.outlet.contact1@hnk-oms.com,cus_01HQSXB1GYPQA43AP9SY3YRRJH,depot_01HES9APM60R2D27MW39GHT6YC,outlet_01HF3PHKMC3EBE6HMYDK5A4SZF,,,,,,,,,,,
generic.outlet.contact1@hnk-oms.com,cus_01HQSXB1GYPQA43AP9SY3YRRJH,depot_01HES9APM60R2D27MW39GHT6YC,outlet_01HF3PHKT8HZSKJH9GT5NPKMEA,,,,,,,,,,,
generic.outlet.contact1@hnk-oms.com,cus_01HQSXB1GYPQA43AP9SY3YRRJH,depot_01HES9APM60R2D27MW39GHT6YC,outlet_01HF3PHM3K6RSRFZMEGHR1MAGC,,,,,,,,,,,
generic.outlet.contact1@hnk-oms.com,cus_01HQSXB1GYPQA43AP9SY3YRRJH,depot_01HES9APM60R2D27MW39GHT6YC,outlet_01HF3PHV1JZGZ3XJTN0QNFPF3W,,,,,,,,,,,
generic.outlet.contact1@hnk-oms.com,cus_01HQSXB1GYPQA43AP9SY3YRRJH,depot_01HES9APM60R2D27MW39GHT6YC,outlet_01HF3PHVX32KKG5B64R01ZNBVY,,,,,,,,,,,
generic.outlet.contact1@hnk-oms.com,cus_01HQSXB1GYPQA43AP9SY3YRRJH,depot_01HES9APM60R2D27MW39GHT6YC,outlet_01HF3PHYDWYYF45Y2KNC7QKCRS,,,,,,,,,,,
generic.outlet.contact1@hnk-oms.com,cus_01HQSXB1GYPQA43AP9SY3YRRJH,depot_01HES9APM60R2D27MW39GHT6YC,outlet_01HF3PHYQYWR4E855115D371HQ,,,,,,,,,,,
generic.outlet.contact1@hnk-oms.com,cus_01HQSXB1GYPQA43AP9SY3YRRJH,depot_01HES9APM60R2D27MW39GHT6YC,outlet_01HF3PHYY9MHM0XXSK284PHZMB,,,,,,,,,,,
generic.outlet.contact1@hnk-oms.com,cus_01HQSXB1GYPQA43AP9SY3YRRJH,depot_01HES9APM60R2D27MW39GHT6YC,outlet_01HF3PHZ3C0920XPWT8REHAKAJ,,,,,,,,,,,
generic.outlet.contact1@hnk-oms.com,cus_01HQSXB1GYPQA43AP9SY3YRRJH,depot_01HES9APM60R2D27MW39GHT6YC,outlet_01HF3PHZKJYFB4HNBN8MZ6SJN5,,,,,,,,,,,
generic.outlet.contact1@hnk-oms.com,cus_01HQSXB1GYPQA43AP9SY3YRRJH,depot_01HES9APM60R2D27MW39GHT6YC,outlet_01HF3PHZRD0R2DZVQD3AAG669Z,,,,,,,,,,,
generic.outlet.contact1@hnk-oms.com,cus_01HQSXB1GYPQA43AP9SY3YRRJH,depot_01HES9APM60R2D27MW39GHT6YC,outlet_01HF3PJ01K18HKET6GKHZYYT3P,,,,,,,,,,,
generic.outlet.contact1@hnk-oms.com,cus_01HQSXB1GYPQA43AP9SY3YRRJH,depot_01HES9APM60R2D27MW39GHT6YC,outlet_01HF3PJ30WFHXZW0VPGGXQA6QR,,,,,,,,,,,
generic.outlet.contact1@hnk-oms.com,cus_01HQSXB1GYPQA43AP9SY3YRRJH,depot_01HES9APM60R2D27MW39GHT6YC,outlet_01HF3PJ3NSC56C4X09DQYN7A2F,,,,,,,,,,,
generic.outlet.contact1@hnk-oms.com,cus_01HQSXB1GYPQA43AP9SY3YRRJH,depot_01HES9APM60R2D27MW39GHT6YC,outlet_01HF3PJ5DDZE7E830S8Y2FH92X,,,,,,,,,,,
generic.outlet.contact1@hnk-oms.com,cus_01HQSXB1GYPQA43AP9SY3YRRJH,depot_01HES9APM60R2D27MW39GHT6YC,outlet_01HF3PJ5JJR0PZFG4YWT5111XV,,,,,,,,,,,
generic.outlet.contact1@hnk-oms.com,cus_01HQSXB1GYPQA43AP9SY3YRRJH,depot_01HES9APM60R2D27MW39GHT6YC,outlet_01HF3PJ5RQ6EMN5GXZ9EB8AYC3,,,,,,,,,,,
generic.outlet.contact1@hnk-oms.com,cus_01HQSXB1GYPQA43AP9SY3YRRJH,depot_01HES9APM60R2D27MW39GHT6YC,outlet_01HF3PJ63K9AJEYE7EDQTPRYG3,,,,,,,,,,,
generic.outlet.contact1@hnk-oms.com,cus_01HQSXB1GYPQA43AP9SY3YRRJH,depot_01HES9APM60R2D27MW39GHT6YC,outlet_01HF3PJ6GYPFXHQ3RBPG1C2BAK,,,,,,,,,,,
generic.outlet.contact1@hnk-oms.com,cus_01HQSXB1GYPQA43AP9SY3YRRJH,depot_01HES9APM60R2D27MW39GHT6YC,outlet_01HF3PJ6YK3M3AR8J385FZVY37,,,,,,,,,,,
generic.outlet.contact1@hnk-oms.com,cus_01HQSXB1GYPQA43AP9SY3YRRJH,depot_01HES9APM60R2D27MW39GHT6YC,outlet_01HF3PJ73V71NQXRNM506HT8VR,,,,,,,,,,,
generic.outlet.contact1@hnk-oms.com,cus_01HQSXB1GYPQA43AP9SY3YRRJH,depot_01HES9APM60R2D27MW39GHT6YC,outlet_01HF3PJ7GKC3CZ2KADX1TJDCCX,,,,,,,,,,,
generic.outlet.contact1@hnk-oms.com,cus_01HQSXB1GYPQA43AP9SY3YRRJH,depot_01HES9APM60R2D27MW39GHT6YC,outlet_01HF3PMM0ZAENM54SJ1GPMNGCF,,,,,,,,,,,
generic.outlet.contact1@hnk-oms.com,cus_01HQSXB1GYPQA43AP9SY3YRRJH,depot_01HES9APM60R2D27MW39GHT6YC,outlet_01HF3PMM7H4P3PZ93YSHGV4GD0,,,,,,,,,,,
generic.outlet.contact1@hnk-oms.com,cus_01HQSXB1GYPQA43AP9SY3YRRJH,depot_01HES9APM60R2D27MW39GHT6YC,outlet_01HF3PMMCEZJ911ZV0YHCGJ6VR,,,,,,,,,,,
generic.outlet.contact1@hnk-oms.com,cus_01HQSXB1GYPQA43AP9SY3YRRJH,depot_01HES9APM60R2D27MW39GHT6YC,outlet_01HF3PMQHVDF460Y50RJ3Z68Z8,,,,,,,,,,,
generic.outlet.contact1@hnk-oms.com,cus_01HQSXB1GYPQA43AP9SY3YRRJH,depot_01HES9APM60R2D27MW39GHT6YC,outlet_01HF3PMQQVG0ATB34VETT9GWCT,,,,,,,,,,,
generic.outlet.contact1@hnk-oms.com,cus_01HQSXB1GYPQA43AP9SY3YRRJH,depot_01HES9APM60R2D27MW39GHT6YC,outlet_01HF3PMR2PXT3YB76M4E6CBFTB,,,,,,,,,,,
generic.outlet.contact1@hnk-oms.com,cus_01HQSXB1GYPQA43AP9SY3YRRJH,depot_01HES9APM60R2D27MW39GHT6YC,outlet_01HF3PMRFTZJ215DQRK2JQHQ8G,,,,,,,,,,,
generic.outlet.contact1@hnk-oms.com,cus_01HQSXB1GYPQA43AP9SY3YRRJH,depot_01HES9APM60R2D27MW39GHT6YC,outlet_01HF3PMW2QRDJARFYAP1RVE045,,,,,,,,,,,
generic.outlet.contact1@hnk-oms.com,cus_01HQSXB1GYPQA43AP9SY3YRRJH,depot_01HES9APM60R2D27MW39GHT6YC,outlet_01HF3PMWEA20AA4793KS1RZ6WG,,,,,,,,,,,
generic.outlet.contact1@hnk-oms.com,cus_01HQSXB1GYPQA43AP9SY3YRRJH,depot_01HES9APM60R2D27MW39GHT6YC,outlet_01HF3PMWMRGA1BTR3KQH5XF618,,,,,,,,,,,
generic.outlet.contact1@hnk-oms.com,cus_01HQSXB1GYPQA43AP9SY3YRRJH,depot_01HES9APM60R2D27MW39GHT6YC,outlet_01HF3PMWYKMJSQJKM0KZXJDPDN,,,,,,,,,,,
generic.outlet.contact1@hnk-oms.com,cus_01HQSXB1GYPQA43AP9SY3YRRJH,depot_01HES9APM60R2D27MW39GHT6YC,outlet_01HF3PMX4BAXBEB5CP751F4H1S,,,,,,,,,,,
generic.outlet.contact1@hnk-oms.com,cus_01HQSXB1GYPQA43AP9SY3YRRJH,depot_01HES9APM60R2D27MW39GHT6YC,outlet_01HF3PMXBZ9227QDSH4MRQ1GGB,,,,,,,,,,,
generic.outlet.contact1@hnk-oms.com,cus_01HQSXB1GYPQA43AP9SY3YRRJH,depot_01HES9APM60R2D27MW39GHT6YC,outlet_01HF3PMXH0Z4TKD7V2EBN6HW71,,,,,,,,,,,
generic.outlet.contact1@hnk-oms.com,cus_01HQSXB1GYPQA43AP9SY3YRRJH,depot_01HES9APM60R2D27MW39GHT6YC,outlet_01HF3PMXR0752EDE40VBCWK0GC,,,,,,,,,,,
generic.outlet.contact1@hnk-oms.com,cus_01HQSXB1GYPQA43AP9SY3YRRJH,depot_01HES9APM60R2D27MW39GHT6YC,outlet_01HF3PMXXWYBXB4X1DW8CF4RNR,,,,,,,,,,,
generic.outlet.contact1@hnk-oms.com,cus_01HQSXB1GYPQA43AP9SY3YRRJH,depot_01HES9APM60R2D27MW39GHT6YC,outlet_01HF3PMY50FY7AX2BRMCKQWVWP,,,,,,,,,,,
generic.outlet.contact1@hnk-oms.com,cus_01HQSXB1GYPQA43AP9SY3YRRJH,depot_01HES9APM60R2D27MW39GHT6YC,outlet_01HF3PN39PYRE9WQZTC97PN8M9,,,,,,,,,,,
generic.outlet.contact1@hnk-oms.com,cus_01HQSXB1GYPQA43AP9SY3YRRJH,depot_01HES9APM60R2D27MW39GHT6YC,outlet_01HF3PN3MGQ8TTWB34M1WRKAN6,,,,,,,,,,,
generic.outlet.contact1@hnk-oms.com,cus_01HQSXB1GYPQA43AP9SY3YRRJH,depot_01HES9APM60R2D27MW39GHT6YC,outlet_01HF3PN3ZQDBQF3G7PG8GCMN3N,,,,,,,,,,,
generic.outlet.contact1@hnk-oms.com,cus_01HQSXB1GYPQA43AP9SY3YRRJH,depot_01HES9APM60R2D27MW39GHT6YC,outlet_01HF3PN51PTX01G54DMXQCW77K,,,,,,,,,,,
generic.outlet.contact1@hnk-oms.com,cus_01HQSXB1GYPQA43AP9SY3YRRJH,depot_01HES9APM60R2D27MW39GHT6YC,outlet_01HF3PNFGH4EE2D0XB9MRECZNW,,,,,,,,,,,
generic.outlet.contact1@hnk-oms.com,cus_01HQSXB1GYPQA43AP9SY3YRRJH,depot_01HES9APM60R2D27MW39GHT6YC,outlet_01HF3PNFNK0KECWZDPTNJEB6PC,,,,,,,,,,,
generic.outlet.contact1@hnk-oms.com,cus_01HQSXB1GYPQA43AP9SY3YRRJH,depot_01HES9APM60R2D27MW39GHT6YC,outlet_01HF3PNGEESHXJ9N3TBRVHRN2D,,,,,,,,,,,
generic.outlet.contact1@hnk-oms.com,cus_01HQSXB1GYPQA43AP9SY3YRRJH,depot_01HES9APM60R2D27MW39GHT6YC,outlet_01HF3PNHGMHRCXT9146H9PDKYB,,,,,,,,,,,
